"category","kpi","value","insight"
"Portfolio","Total loans","149999","Portfolio size"
"Portfolio","Total defaults","10026","Accounts that defaulted"
"Portfolio","Overall default rate (%)","6.68","Baseline to beat"
"Portfolio","Imbalance ratio","13.96","Class imbalance"
"Portfolio","Avg monthly income ($)","6418","Affluence proxy"
"Portfolio","Avg age (yrs)","52.3","Demographics"
"Portfolio","Avg debt ratio","316.551","Debt burden"
"Portfolio","Avg revolving utilization","0.32","Credit usage"
"Risk Driver","Worst age group","<30","11.73% default"
"Risk Driver","Worst delinquency bucket","3+","61.68% default"
"Risk Driver","Worst utilization band","High","19.88% default"
"Risk Driver","Worst income quartile","1","9.05% default"
"Model","Top correlated feature","late_90","r = 0.312"
"Model","2nd correlated feature","revolving_util","r = 0.281"
"Model","3rd correlated feature","late_30_59","r = 0.271"
"Model","High-risk segment size","6478","Util > avg AND 90+ late"
"Model","High-risk default rate (%)","45.28","Target segment rate"
"Business","Assumed exposure per default ($)","38508","6× income proxy"
"Business","Estimated total exposure ($)","386,081,208","Defaults × exposure"
"Business","Preventable exposure @30% ($)","33,885,943","If 30% of high-risk defaults prevented"
"Business","Approval rate if high-risk declined (%)","95.68","Policy trade-off"
