"section","metric","value"
"Overview","Rows","149999"
"Overview","Columns","12"
"Overview","Numeric columns","12"
"Overview","Defaults","10026"
"Overview","Non-defaults","139973"
"Overview","Default rate (%)","6.68"
"Missing","Total columns with NA","0"
"Numeric Summary","monthly_income | mean","6418.458"
"Numeric Summary","monthly_income | median","5400"
"Numeric Summary","monthly_income | sd","12890.438"
"Numeric Summary","monthly_income | min","0"
"Numeric Summary","monthly_income | max","3008750"
"Numeric Summary","monthly_income | skew","127.12"
"Numeric Summary","late_90 | mean","0.09"
"Numeric Summary","late_90 | median","0"
"Numeric Summary","late_90 | sd","0.485"
"Numeric Summary","late_90 | min","0"
"Numeric Summary","late_90 | max","17"
"Numeric Summary","late_90 | skew","9.34"
"Numeric Summary","late_60_89 | mean","0.065"
"Numeric Summary","late_60_89 | median","0"
"Numeric Summary","late_60_89 | sd","0.33"
"Numeric Summary","late_60_89 | min","0"
"Numeric Summary","late_60_89 | max","11"
"Numeric Summary","late_60_89 | skew","7.56"
"Numeric Summary","late_30_59 | mean","0.245"
"Numeric Summary","late_30_59 | median","0"
"Numeric Summary","late_30_59 | sd","0.697"
"Numeric Summary","late_30_59 | min","0"
"Numeric Summary","late_30_59 | max","13"
"Numeric Summary","late_30_59 | skew","4.25"
"Numeric Summary","real_estate_loans | mean","1.018"
"Numeric Summary","real_estate_loans | median","1"
"Numeric Summary","real_estate_loans | sd","1.13"
"Numeric Summary","real_estate_loans | min","0"
"Numeric Summary","real_estate_loans | max","54"
"Numeric Summary","real_estate_loans | skew","3.48"
"Numeric Summary","defaulted | mean","0.067"
"Numeric Summary","defaulted | median","0"
"Numeric Summary","defaulted | sd","0.25"
"Numeric Summary","defaulted | min","0"
"Numeric Summary","defaulted | max","1"
"Numeric Summary","defaulted | skew","3.47"
"Numeric Summary","debt_ratio | mean","316.551"
"Numeric Summary","debt_ratio | median","0.367"
"Numeric Summary","debt_ratio | sd","906.965"
"Numeric Summary","debt_ratio | min","0"
"Numeric Summary","debt_ratio | max","4979.04"
"Numeric Summary","debt_ratio | skew","3.35"
"Numeric Summary","dependents | mean","0.737"
"Numeric Summary","dependents | median","0"
"Numeric Summary","dependents | sd","1.107"
"Numeric Summary","dependents | min","0"
"Numeric Summary","dependents | max","20"
"Numeric Summary","dependents | skew","1.63"
"Numeric Summary","income_missing | mean","0.198"
"Numeric Summary","income_missing | median","0"
"Numeric Summary","income_missing | sd","0.399"
"Numeric Summary","income_missing | min","0"
"Numeric Summary","income_missing | max","1"
"Numeric Summary","income_missing | skew","1.51"
"Numeric Summary","open_lines | mean","8.453"
"Numeric Summary","open_lines | median","8"
"Numeric Summary","open_lines | sd","5.146"
"Numeric Summary","open_lines | min","0"
"Numeric Summary","open_lines | max","58"
"Numeric Summary","open_lines | skew","1.22"
"Numeric Summary","revolving_util | mean","0.32"
"Numeric Summary","revolving_util | median","0.154"
"Numeric Summary","revolving_util | sd","0.352"
"Numeric Summary","revolving_util | min","0"
"Numeric Summary","revolving_util | max","1.093"
"Numeric Summary","revolving_util | skew","0.9"
"Numeric Summary","age | mean","52.296"
"Numeric Summary","age | median","52"
"Numeric Summary","age | sd","14.771"
"Numeric Summary","age | min","21"
"Numeric Summary","age | max","109"
"Numeric Summary","age | skew","0.19"
"Outliers","debt_ratio","31311 (20.87%)"
"Outliers","income_missing","29731 (19.82%)"
"Outliers","late_30_59","23712 (15.81%)"
"Outliers","dependents","13336 (8.89%)"
"Outliers","defaulted","10026 (6.68%)"
"Outliers","monthly_income","9149 (6.1%)"
"Outliers","late_90","8069 (5.38%)"
"Outliers","late_60_89","7335 (4.89%)"
"Outliers","open_lines","3980 (2.65%)"
"Outliers","real_estate_loans","793 (0.53%)"
"Outliers","age","45 (0.03%)"
"Outliers","revolving_util","0 (0%)"
"Correlation with target","late_90","0.3117"
"Correlation with target","revolving_util","0.2808"
"Correlation with target","late_30_59","0.2714"
"Correlation with target","late_60_89","0.2656"
"Correlation with target","dependents","0.0469"
"Correlation with target","real_estate_loans","-0.007"
"Correlation with target","monthly_income","-0.0172"
"Correlation with target","debt_ratio","-0.0174"
"Correlation with target","income_missing","-0.0213"
"Correlation with target","open_lines","-0.0297"
"Correlation with target","age","-0.1154"
"Multicollinearity","debt_ratio ~ income_missing","0.65"
"Age Group","<30","rate=11.56% (1244/10757)"
"Age Group","30-45","rate=9.31% (3775/40547)"
"Age Group","45-60","rate=6.82% (3657/53635)"
"Age Group","60+","rate=2.99% (1349/45047)"
"Age Group",NA,"rate=7.69% (1/13)"
"90+ Days Late History","No 90+ late","rate=4.72% (6701/141930)"
"90+ Days Late History","1-2 times","rate=37.38% (2541/6798)"
"90+ Days Late History","3+ times","rate=61.68% (784/1271)"
"Revolving Utilization","Low (<30%)","rate=2.22% (2061/92882)"
"Revolving Utilization","Medium (30-70%)","rate=7.4% (2011/27170)"
"Revolving Utilization","High (>70%)","rate=19.88% (5954/29947)"
"Income Quartile","Q1 (Lowest)","rate=9.05% (3395/37503)"
"Income Quartile","Q2","rate=6.52% (3425/52543)"
"Income Quartile","Q3","rate=6.36% (1439/22624)"
"Income Quartile","Q4 (Highest)","rate=4.73% (1767/37329)"
"Debt Ratio","Low (<0.3)","rate=5.87% (3674/62560)"
"Debt Ratio","Medium (0.3-0.6)","rate=6.89% (2723/39534)"
"Debt Ratio","High (>0.6)","rate=7.58% (3629/47905)"
"Number of Dependents","0","rate=5.81% (5274/90826)"
"Number of Dependents","1","rate=7.35% (1935/26316)"
"Number of Dependents","2","rate=8.11% (1584/19521)"
"Number of Dependents","3+","rate=9.25% (1233/13336)"
"Open Credit Lines","0-5","rate=7.69% (3438/44702)"
"Open Credit Lines","6-10","rate=5.54% (3345/60399)"
"Open Credit Lines","11-15","rate=6.18% (1804/29184)"
"Open Credit Lines","15+","rate=6.91% (955/13826)"
"Open Credit Lines",NA,"rate=25.64% (484/1888)"
"Real Estate Loans","0","rate=8.31% (4672/56188)"
"Real Estate Loans","1","rate=5.25% (2748/52338)"
"Real Estate Loans","2","rate=5.6% (1765/31521)"
"Real Estate Loans","3+","rate=8.45% (841/9952)"
"Key Findings","Age highest","<30 (11.56%)"
"Key Findings","Age lowest","60+ (2.99%)"
"Key Findings","Delinquency highest","3+ times (61.68%)"
"Key Findings","Delinquency lowest","No 90+ late (4.72%)"
"Key Findings","Utilization highest","High (>70%) (19.88%)"
"Key Findings","Utilization lowest","Low (<30%) (2.22%)"
"Key Findings","Income highest","Q1 (Lowest) (9.05%)"
"Key Findings","Income lowest","Q4 (Highest) (4.73%)"
"Key Findings","Debt Ratio highest","High (>0.6) (7.58%)"
"Key Findings","Debt Ratio lowest","Low (<0.3) (5.87%)"
"Key Findings","Dependents highest","3+ (9.25%)"
"Key Findings","Dependents lowest","0 (5.81%)"
"Key Findings","Top 3 correlated","late_90, revolving_util, late_30_59"
"Key Findings","Multicollinear pairs","1"
